location_type,number,city,state,zip_code
Store,1301,Anchorage,AK,99503
Store,1302,Anchorage,AK,99508
Store,1303,Fairbanks,AK,99701
Store,1304,Wasilla,AK,99654
Store,8938,Kenai,AK,99611
Store,8939,Juneau,AK,99801
Store,8940,Anchorage,AK,99507
Store,0801,Mobile,AL,36695
Store,0802,Foley,AL,36535
Store,0803,Madison,AL,35757
Store,0804,Huntsville,AL,35801
Store,0805,Pelham,AL,35124
Store,0806,Prattville,AL,36066
Store,0808,Dothan,AL,36303
Store,0809,Sylacauga,AL,35150
Store,0810,Jasper,AL,35501
Store,0812,Scottsboro,AL,35768
Store,0813,Montgomery,AL,36117
Store,0816,Opelika,AL,36801
Store,0817,Phenix City,AL,36867
Store,0818,Pell City,AL,35125
Store,0863,Daphne,AL,36526
Store,0865,Mobile,AL,36609
Store,0866,Oxford,AL,36203
Store,0875,Birmingham,AL,35242
Store,0877,Tuscaloosa,AL,35404
Store,0880,Birmingham,AL,35210
Store,0881,Birmingham,AL,35244
Store,0882,Fairfield,AL,35064
Store,0883,Montgomery,AL,36117
Store,0884,Decatur,AL,35603
Store,0887,Trussville,AL,35173
Store,0888,Huntsville,AL,35803
Store,6889,Alexander City,AL,35010
Store,8577,Florence,AL,35630
Store,1401,Little Rock,AR,72211
Store,1402,North Little Rock,AR,72117
Store,1403,Fayetteville,AR,72703
Store,1404,Fort Smith,AR,72903
Store,1405,Benton,AR,72019
Store,1406,Jonesboro,AR,72404
Store,1407,Conway,AR,72032
Store,1409,Harrison,AR,72601
Store,1410,Mountain Home,AR,72653
Store,1411,Batesville,AR,72501
Store,1412,Cabot,AR,72023
Store,8445,Rogers,AR,72758
Store,8537,El Dorado,AR,71730
Store,8919,Little Rock,AR,72209
Store,0401,Phoenix,AZ,85022
Store,0402,Yuma,AZ,85365
Store,0403,Lake Havasu City,AZ,86404
Store,0404,Mesa,AZ,85209
Store,0405,Glendale,AZ,85302
Store,0406,Mesa,AZ,85215
Store,0408,Casa Grande,AZ,85122
Store,0410,Tucson,AZ,85710
Store,0411,Show Low,AZ,85901
Store,0413,Phoenix,AZ,85037
Store,0414,Tucson,AZ,85705
Store,0415,Queen Creek,AZ,85142
Store,0416,Kingman,AZ,86409
Store,0417,Chandler,AZ,85248
Store,0419,San Tan Valley,AZ,85143
Store,0420,Scottsdale,AZ,85258
Store,0421,Flagstaff,AZ,86004
Store,0422,Payson,AZ,85541
Store,0423,Cottonwood,AZ,86326
Store,0424,Peoria,AZ,85383
Store,0431,Surprise,AZ,85388
Store,0432,Maricopa,AZ,85138
Store,0441,Avondale,AZ,85323
Store,0442,Bullhead City,AZ,86429
Store,0443,Sierra Vista,AZ,85635
Store,0445,Thatcher,AZ,85552
Store,0446,Prescott Valley,AZ,86314
Store,0447,Laveen,AZ,85339
Store,0452,Prescott,AZ,86301
Store,0453,Peoria,AZ,85345
Store,0455,Phoenix,AZ,85035
Store,0456,Mesa,AZ,85209
Store,0457,Scottsdale,AZ,85250
Store,0458,Tempe,AZ,85284
Store,0459,Glendale,AZ,85308
Store,0464,Phoenix,AZ,85032
Store,0467,Tucson,AZ,85714
Store,0468,Phoenix,AZ,85023
Store,0469,Mesa,AZ,85210
Store,0470,Chandler,AZ,85224
Store,0471,Gilbert,AZ,85296
Store,0472,Scottsdale,AZ,85260
Store,0473,Mesa,AZ,85204
Store,0474,Tucson,AZ,85747
Store,0475,Glendale,AZ,85308
Store,0476,Chandler,AZ,85226
Store,0477,Phoenix,AZ,85018
Store,0478,Tucson,AZ,85741
Store,0480,Phoenix,AZ,85022
Store,0481,Oro Valley,AZ,85737
Store,0482,Flagstaff,AZ,86001
Store,0483,Surprise,AZ,85374
Store,0485,Phoenix,AZ,85031
Store,0486,Tucson,AZ,85716
Store,0488,Cave Creek,AZ,85331
Store,0489,Tempe,AZ,85283
Store,6862,Mesa,AZ,85201
Store,6948,Phoenix,AZ,85086
Store,8488,Nogales,AZ,85621
Store,8582,Chandler,AZ,85286
Store,0601,Corona,CA,92879
Store,0603,Tustin,CA,92782
Store,0606,Santa Ana,CA,92704
Store,0607,City Of Industry,CA,91748
Store,0608,Cerritos,CA,90703
Store,0609,San Fernando,CA,91340
Store,0610,San Bernardino,CA,92408
Store,0611,Gardena,CA,90248
Store,0612,Canoga Park,CA,91304
Store,0614,Mission Viejo,CA,92692
Store,0615,Orange,CA,92867
Store,0616,Moreno Valley,CA,92557
Store,0618,Torrance,CA,90505
Store,0620,Hawthorne,CA,90250
Store,0625,San Leandro,CA,94577
Store,0627,Emeryville,CA,94608
Store,0628,San Carlos,CA,94070
Store,0629,Pleasanton,CA,94588
Store,0630,Santa Clara,CA,95050
Store,0632,San Mateo,CA,94404
Store,0633,Vallejo,CA,94591
Store,0634,Concord,CA,94520
Store,0635,Union City,CA,94587
Store,0636,Roseville,CA,95661
Store,0637,Fairfield,CA,94533
Store,0638,Palmdale,CA,93551
Store,0639,Colma,CA,94014
Store,0640,Sunnyvale,CA,94086
Store,0641,Rohnert Park,CA,94928
Store,0642,Campbell,CA,95008
Store,0643,El Cerrito,CA,94530
Store,0644,Pittsburg,CA,94565
Store,0645,Rancho Cucamonga,CA,91730
Store,0647,Westminster,CA,92683
Store,0648,Signal Hill,CA,90755
Store,0649,Glendale,CA,91204
Store,0650,Carmichael,CA,95608
Store,0651,Sacramento,CA,95823
Store,0652,Rancho Cordova,CA,95742
Store,0653,Santa Clarita,CA,91351
Store,0654,Commerce,CA,90040
Store,0657,San Rafael,CA,94901
Store,0658,Chula Vista,CA,91910
Store,0659,Lemon Grove,CA,91945
Store,0660,Encinitas,CA,92024
Store,0662,Stockton,CA,95212
Store,0663,Fresno,CA,93711
Store,0664,Clovis,CA,93612
Store,0665,Victorville,CA,92395
Store,0667,Rancho Mirage,CA,92270
Store,0668,Murrieta,CA,92562
Store,0669,San Diego,CA,92128
Store,0671,San Diego,CA,92154
Store,0673,Santee,CA,92071
Store,0674,San Diego,CA,92110
Store,0679,Oceanside,CA,92056
Store,0680,San Diego,CA,92117
Store,0683,San Bernardino,CA,92405
Store,0684,La Mirada,CA,90638
Store,0687,Upland,CA,91786
Store,1001,Turlock,CA,95380
Store,1002,Huntington Park,CA,90255
Store,1003,Sacramento,CA,95832
Store,1005,San Pedro,CA,90731
Store,1006,Manteca,CA,95336
Store,1007,Oakland,CA,94601
Store,1009,San Jose,CA,95124
Store,1010,Inglewood,CA,90303
Store,1012,Camarillo,CA,93010
Store,1013,Redlands,CA,92374
Store,1014,Fresno,CA,93720
Store,1017,Hayward,CA,94541
Store,1018,Oceanside,CA,92057
Store,1019,Yuba City,CA,95993
Store,1020,Tracy,CA,95304
Store,1022,Stockton,CA,95219
Store,1028,Temecula,CA,92592
Store,1030,Chula Vista,CA,91915
Store,1031,Atascadero,CA,93422
Store,1032,San Diego,CA,92113
Store,1034,San Diego,CA,92154
Store,1037,Paramount,CA,90723
Store,1039,Los Angeles,CA,90047
Store,1040,Oxnard,CA,93036
Store,1041,Milpitas,CA,95035
Store,1043,Vacaville,CA,95687
Store,1044,Hercules,CA,94547
Store,1048,Los Angeles,CA,90017
Store,1050,Bakersfield,CA,93309
Store,1052,San Luis Obispo,CA,93405
Store,1053,Escondido,CA,92027
Store,1055,Santa Clarita,CA,91355
Store,1059,El Centro,CA,92243
Store,1060,Bakersfield,CA,93306
Store,1061,Los Angeles,CA,90056
Store,1062,Signal Hill,CA,90755
Store,1064,Bakersfield,CA,93312
Store,1068,Woodland,CA,95776
Store,1069,Watsonville,CA,95076
Store,1070,West Hills,CA,91307
Store,1072,Brea,CA,92821
Store,1073,Hanford,CA,93230
Store,1074,Vista,CA,92081
Store,1076,Brentwood,CA,94513
Store,1077,Laguna Niguel,CA,92677
Store,1080,Porterville,CA,93257
Store,1083,Upland,CA,91784
Store,1084,Mira Loma,CA,91752
Store,1085,Placerville,CA,95667
Store,1086,Fresno,CA,93727
Store,1087,Moreno Valley,CA,92551
Store,1088,Madera,CA,93637
Store,1089,Ridgecrest,CA,93555
Store,1092,Daly City,CA,94015
Store,1379,Santa Rosa,CA,95403
Store,1380,Martinez,CA,94553
Store,1840,Lake Forest,CA,92630
Store,1842,Riverbank,CA,95367
Store,1843,Salinas,CA,93907
Store,1844,Victorville,CA,92394
Store,1845,Covina,CA,91722
Store,1846,West Sacramento,CA,95605
Store,1848,El Cajon,CA,92020
Store,1857,Fontana,CA,92337
Store,1858,Compton,CA,90220
Store,1861,San Jose,CA,95125
Store,2304,Monterey Park,CA,91755
Store,6037,Pasadena,CA,91107
Store,6113,Murrieta,CA,92562
Store,6601,Modesto,CA,95351
Store,6603,East Palo Alto,CA,94303
Store,6604,San Ramon,CA,94583
Store,6609,Chico,CA,95928
Store,6610,Alhambra,CA,91803
Store,6611,Los Angeles,CA,90066
Store,6612,Escondido,CA,92029
Store,6613,North Hollywood,CA,91605
Store,6614,Lakewood,CA,90712
Store,6615,Visalia,CA,93277
Store,6616,Hollywood,CA,90028
Store,6617,Glendora,CA,91740
Store,6618,Merced,CA,95341
Store,6619,Riverside,CA,92504
Store,6620,Sacramento,CA,95826
Store,6621,San Jose,CA,95136
Store,6623,Goleta,CA,93117
Store,6627,Downey,CA,90241
Store,6628,Laguna Hills,CA,92637
Store,6629,Monrovia,CA,91016
Store,6630,La Quinta,CA,92253
Store,6632,Woodland Hills,CA,91367
Store,6634,San Diego,CA,92120
Store,6635,San Jose,CA,95129
Store,6636,Fremont,CA,94538
Store,6637,Hemet,CA,92545
Store,6638,Santa Maria,CA,93455
Store,6639,Garden Grove,CA,92843
Store,6640,Simi Valley,CA,93065
Store,6643,Anaheim,CA,92807
Store,6644,Panorama City,CA,91402
Store,6645,Pomona,CA,91766
Store,6646,Huntington Beach,CA,92647
Store,6647,Anaheim,CA,92801
Store,6649,Sacramento,CA,95834
Store,6650,Cypress,CA,90630
Store,6651,Lancaster,CA,93534
Store,6652,Napa,CA,94559
Store,6654,Burbank,CA,91502
Store,6655,Colma,CA,94014
Store,6656,San Marcos,CA,92069
Store,6657,La Habra,CA,90631
Store,6660,Lodi,CA,95240
Store,6661,Van Nuys,CA,91406
Store,6662,Thousand Oaks,CA,91320
Store,6663,Baldwin Park,CA,91706
Store,6664,Costa Mesa,CA,92626
Store,6665,Corona,CA,92881
Store,6667,Windsor,CA,95492
Store,6668,Lake Forest,CA,92630
Store,6669,Sacramento,CA,95842
Store,6670,Carson,CA,90745
Store,6672,San Jose,CA,95127
Store,6673,El Monte,CA,91731
Store,6674,Elk Grove,CA,95758
Store,6675,Folsom,CA,95630
Store,6677,Gilroy,CA,95020
Store,6678,Livermore,CA,94551
Store,6679,San Diego,CA,92126
Store,6680,Santa Ana,CA,92705
Store,6681,Lompoc,CA,93436
Store,6682,Redding,CA,96003
Store,6683,Rialto,CA,92376
Store,6684,Whittier,CA,90606
Store,6687,Bakersfield,CA,93313
Store,6688,Roseville,CA,95678
Store,6689,Los Angeles,CA,90065
Store,6834,Apple Valley,CA,92308
Store,6835,Tehachapi,CA,93561
Store,6855,Inglewood,CA,90301
Store,6874,Indio,CA,92203
Store,6875,Perris,CA,92570
Store,6876,Chino,CA,91710
Store,6883,Palmdale,CA,93552
Store,6884,Ontario,CA,91762
Store,6893,Fullerton,CA,92831
Store,6946,Tulare,CA,93274
Store,6947,Modesto,CA,95351
Store,6952,Stanton,CA,90680
Store,6960,Fontana,CA,92336
Store,6963,Huntington Beach,CA,92646
Store,6964,Newark,CA,94560
Store,6965,Orange,CA,92865
Store,6966,Sacramento,CA,95825
Store,6967,Seaside,CA,93955
Store,6968,Soquel,CA,95073
Store,6971,Yucca Valley,CA,92284
Store,6972,Barstow,CA,92311
Store,8408,Ukiah,CA,95482
Store,8426,Delano,CA,93215
Store,8427,Los Banos,CA,93635
Store,8463,West Covina,CA,91792
Store,8492,Red Bluff,CA,96080
Store,8524,Crescent City,CA,95531
Store,8525,Irvine,CA,92620
Store,8526,Palm Springs,CA,92264
Store,8529,Selma,CA,93662
Store,8571,Lincoln,CA,95648
Store,8572,Morgan Hill,CA,95037
Store,8597,Auburn,CA,95603
Store,8949,Poway,CA,92064
Store,8975,Oroville,CA,95965
Store,8987,Beaumont,CA,92223
Store,8988,Lake Elsinore,CA,92530
Store,designcenter,San Diego,CA,92121
Store,1501,Aurora,CO,80012
Store,1502,Arvada,CO,80002
Store,1503,Thornton,CO,80229
Store,1504,Colorado Springs,CO,80909
Store,1505,Denver,CO,80223
Store,1506,Louisville,CO,80027
Store,1507,Denver,CO,80123
Store,1508,Lone Tree,CO,80124
Store,1509,Greenwood Village,CO,80112
Store,1510,Colorado Springs,CO,80920
Store,1511,Pueblo,CO,81008
Store,1512,Fort Collins,CO,80525
Store,1513,Grand Junction,CO,81505
Store,1514,Lakewood,CO,80226
Store,1515,Greeley,CO,80634
Store,1516,Parker,CO,80134
Store,1517,Westminster,CO,80021
Store,1518,Colorado Springs,CO,80906
Store,1519,Littleton,CO,80123
Store,1520,Denver,CO,80227
Store,1521,Longmont,CO,80501
Store,1522,Golden,CO,80401
Store,1523,Aurora,CO,80015
Store,1524,Broomfield,CO,80020
Store,1525,Avon,CO,81620
Store,1526,Glendale,CO,80246
Store,1528,Aurora,CO,80016
Store,1529,Loveland,CO,80537
Store,1531,Castle Rock,CO,80108
Store,1532,Denver,CO,80207
Store,1534,Durango,CO,81303
Store,1535,Evergreen,CO,80439
Store,1537,Montrose,CO,81401
Store,1538,Colorado Springs,CO,80920
Store,1540,Highlands Ranch,CO,80129
Store,1541,Monument,CO,80132
Store,1542,Canon City,CO,81212
Store,1544,Fort Collins,CO,80524
Store,1545,Sterling,CO,80751
Store,1546,Boulder,CO,80301
Store,1547,Brighton,CO,80601
Store,1548,Thornton,CO,80023
Store,1549,Morrison,CO,80465
Store,1550,Lakewood,CO,80214
Store,1551,Aurora,CO,80011
Store,1552,Firestone,CO,80504
Store,4878,New Milford,CT,06776
Store,6201,North Haven,CT,06473
Store,6202,Orange,CT,06477
Store,6203,Berlin,CT,06037
Store,6204,Norwalk,CT,06854
Store,6206,Fairfield,CT,06824
Store,6207,Manchester,CT,06042
Store,6208,Southington,CT,06489
Store,6209,Danbury,CT,06811
Store,6210,West Hartford,CT,06110
Store,6212,Waterbury,CT,06708
Store,6213,Bridgeport,CT,06606
Store,6214,Enfield,CT,06082
Store,6215,Waterford,CT,06385
Store,6217,Wallingford,CT,06492
Store,6218,New Hartford,CT,06057
Store,6220,Glastonbury,CT,06033
Store,6221,Lisbon,CT,06351
Store,6223,East Haven,CT,06512
Store,6225,Stratford,CT,06614
Store,6226,Derby,CT,06418
Store,6228,Bloomfield,CT,06002
Store,6229,Bristol,CT,06010
Store,6230,North Windham,CT,06256
Store,6233,Middletown,CT,06457
Store,6234,Uncasville,CT,06382
Store,6235,Southington,CT,06489
Store,6236,Trumbull,CT,06611
Store,6242,Stamford,CT,06902
Store,8473,Hamden,CT,06514
Store,2583,Washington,DC,20018
Store,1601,Newark,DE,19713
Store,1602,Claymont,DE,19703
Store,1603,Newark,DE,19702
Store,1604,Lewes,DE,19958
Store,1605,New Castle,DE,19720
Store,1608,Dover,DE,19901
Store,1610,Newark,DE,19711
Store,6843,Middletown,DE,19709
Store,8440,Wilmington,DE,19802
Store,0201,Port Charlotte,FL,33948
Store,0202,Hialeah,FL,33012
Store,0203,Lake Wales,FL,33859
Store,0204,Boca Raton,FL,33434
Store,0205,Lake Worth,FL,33461
Store,0206,Miami,FL,33165
Store,0207,Miami,FL,33157
Store,0208,Pompano Beach,FL,33064
Store,0209,Hialeah,FL,33014
Store,0210,Miami,FL,33186
Store,0213,Vero Beach,FL,32966
Store,0218,Deerfield Beach,FL,33442
Store,0220,Lake Park,FL,33403
Store,0221,Jensen Beach,FL,34957
Store,0222,Davie,FL,33324
Store,0224,Boynton Beach,FL,33426
Store,0226,Jacksonville,FL,32256
Store,0232,Orlando,FL,32809
Store,0233,Daytona Beach,FL,32114
Store,0234,Merritt Island,FL,32953
Store,0238,Port Richey,FL,34668
Store,0243,Tampa,FL,33619
Store,0244,Bradenton,FL,34207
Store,0245,Tampa,FL,33618
Store,0247,Clearwater,FL,33761
Store,0248,Lakeland,FL,33805
Store,0249,Oakland Park,FL,33311
Store,0251,North Miami Beach,FL,33162
Store,0253,Ocala,FL,34474
Store,0254,Tallahassee,FL,32308
Store,0255,Sarasota,FL,34233
Store,0256,Tampa,FL,33607
Store,0257,Saint Petersburg,FL,33713
Store,0258,Sunrise,FL,33322
Store,0260,West Melbourne,FL,32904
Store,0261,Orlando,FL,32818
Store,0262,Casselberry,FL,32707
Store,0263,Altamonte Springs,FL,32714
Store,0264,Lake Mary,FL,32746
Store,0265,Kissimmee,FL,34741
Store,0266,Orlando,FL,32807
Store,0268,Cape Coral,FL,33909
Store,0270,Gainesville,FL,32607
Store,0272,Jacksonville,FL,32225
Store,0273,Venice,FL,34293
Store,0274,Jupiter,FL,33458
Store,0275,Orange Park,FL,32073
Store,0276,Fort Myers,FL,33912
Store,0277,Miami,FL,33135
Store,0278,Leesburg,FL,34788
Store,0279,Tampa,FL,33604
Store,0280,Naples,FL,34109
Store,0281,Spring Hill,FL,34606
Store,0283,Fort Pierce,FL,34947
Store,0284,Coral Springs,FL,33071
Store,0285,West Park,FL,33023
Store,0287,Oviedo,FL,32765
Store,0288,Holiday,FL,34691
Store,0289,Pinellas Park,FL,33781
Store,0429,Homestead,FL,33033
Store,0430,Rockledge,FL,32955
Store,1324,Saint Johns,FL,32259
Store,1854,Gainesville,FL,32609
Store,1855,Port Charlotte,FL,33981
Store,1863,Bradenton,FL,34208
Store,3117,Palm Beach Gardens,FL,33418
Store,3118,Lantana,FL,33462
Store,3119,Fort Myers,FL,33912
Store,3331,Miami,FL,33182
Store,6301,Fort Walton Beach,FL,32548
Store,6302,Marathon,FL,33050
Store,6303,Panama City,FL,32405
Store,6304,Seminole,FL,33772
Store,6305,Brandon,FL,33511
Store,6306,Pinecrest,FL,33156
Store,6310,Hollywood,FL,33020
Store,6311,Tampa,FL,33647
Store,6312,North Lauderdale,FL,33068
Store,6313,Key West,FL,33040
Store,6314,Stuart,FL,34994
Store,6315,Delray Beach,FL,33444
Store,6316,Lake Worth,FL,33467
Store,6318,Jacksonville,FL,32257
Store,6319,Bradenton,FL,34201
Store,6320,West Palm Beach,FL,33401
Store,6321,Largo,FL,33771
Store,6322,Miami,FL,33181
Store,6323,Orange City,FL,32763
Store,6324,Lakeland,FL,33813
Store,6325,Delray Beach,FL,33446
Store,6326,Davie,FL,33331
Store,6327,Tampa,FL,33611
Store,6328,Orlando,FL,32837
Store,6329,Sunrise,FL,33323
Store,6330,West Palm Beach,FL,33411
Store,6331,Orlando,FL,32828
Store,6332,Crystal River,FL,34429
Store,6334,Saint Augustine,FL,32084
Store,6335,Port Orange,FL,32127
Store,6336,Palm Bay,FL,32907
Store,6339,Miami,FL,33196
Store,6340,Sebring,FL,33870
Store,6341,Davie,FL,33328
Store,6342,Saint Augustine,FL,32092
Store,6343,Miami,FL,33144
Store,6346,Jacksonville,FL,32205
Store,6348,Naples,FL,34112
Store,6349,Orlando,FL,32810
Store,6350,Saint Cloud,FL,34769
Store,6351,Jacksonville,FL,32218
Store,6353,Miramar,FL,33027
Store,6355,Florida City,FL,33034
Store,6356,Coconut Creek,FL,33073
Store,6357,Clearwater,FL,33765
Store,6361,Tampa,FL,33615
Store,6363,Palm Coast,FL,32137
Store,6364,Saint Petersburg,FL,33710
Store,6365,Jacksonville,FL,32225
Store,6367,Orlando,FL,32839
Store,6368,Pace,FL,32571
Store,6369,Orange Park,FL,32003
Store,6371,Winter Haven,FL,33881
Store,6372,Fort Lauderdale,FL,33304
Store,6373,Bonita Springs,FL,34135
Store,6374,Tallahassee,FL,32303
Store,6375,Clermont,FL,34711
Store,6376,Port Saint Lucie,FL,34986
Store,6377,Destin,FL,32541
Store,6378,Hialeah,FL,33010
Store,6379,West Palm Beach,FL,33414
Store,6380,Riverview,FL,33578
Store,6381,Melbourne,FL,32940
Store,6842,Wildwood,FL,34785
Store,6851,Kissimmee,FL,34758
Store,6852,Pembroke Pines,FL,33026
Store,6853,Pensacola,FL,32503
Store,6856,Miami,FL,33133
Store,6864,Lake City,FL,32025
Store,6865,New Port Richey,FL,34654
Store,6869,Orlando,FL,32822
Store,6871,Titusville,FL,32780
Store,6872,Hialeah Gardens,FL,33018
Store,6878,Okeechobee,FL,34974
Store,6890,Jacksonville,FL,32222
Store,6921,Yulee,FL,32097
Store,6932,Pensacola,FL,32506
Store,6934,Port Saint Lucie,FL,34953
Store,6935,Middleburg,FL,32068
Store,6936,New Smyrna Beach,FL,32168
Store,6950,Punta Gorda,FL,33950
Store,6951,Ruskin,FL,33573
Store,6974,Jacksonville Beach,FL,32250
Store,6975,Cape Coral,FL,33914
Store,6976,Miami,FL,33177
Store,8444,Fort Myers,FL,33905
Store,8446,Panama City,FL,32407
Store,8447,Lady Lake,FL,32159
Store,8472,Pensacola,FL,32534
Store,8528,North Port,FL,34287
Store,8531,Palatka,FL,32177
Store,8545,Sebastian,FL,32958
Store,8926,Apopka,FL,32712
Store,8929,Zephyrhills,FL,33545
Store,0105,Duluth,GA,30096
Store,0106,Kennesaw,GA,30144
Store,0110,Lilburn,GA,30047
Store,0111,Marietta,GA,30062
Store,0114,Morrow,GA,30260
Store,0115,Atlanta,GA,30360
Store,0116,Woodstock,GA,30189
Store,0117,Decatur,GA,30033
Store,0118,Decatur,GA,30035
Store,0119,Augusta,GA,30907
Store,0121,Atlanta,GA,30339
Store,0122,Savannah,GA,31419
Store,0123,Atlanta,GA,30354
Store,0126,Lawrenceville,GA,30043
Store,0127,Fayetteville,GA,30214
Store,0128,Conyers,GA,30013
Store,0129,Athens,GA,30606
Store,0130,Atlanta,GA,30331
Store,0131,Duluth,GA,30097
Store,0132,Carrollton,GA,30117
Store,0133,Cartersville,GA,30120
Store,0134,Cumming,GA,30041
Store,0136,Columbus,GA,31909
Store,0137,Dalton,GA,30720
Store,0138,Griffin,GA,30223
Store,0139,Rome,GA,30161
Store,0140,Valdosta,GA,31601
Store,0141,Brunswick,GA,31520
Store,0143,Douglasville,GA,30135
Store,0144,Snellville,GA,30078
Store,0145,Canton,GA,30114
Store,0146,Roswell,GA,30075
Store,0147,Buford,GA,30518
Store,0148,Newnan,GA,30265
Store,0149,Alpharetta,GA,30004
Store,0151,Hiram,GA,30141
Store,0152,Gainesville,GA,30501
Store,0153,Marietta,GA,30064
Store,0154,Sandy Springs,GA,30328
Store,0155,Albany,GA,31707
Store,0156,Acworth,GA,30101
Store,0157,Mcdonough,GA,30253
Store,0159,Atlanta,GA,30308
Store,0160,Lagrange,GA,30241
Store,0161,Dacula,GA,30019
Store,0163,Warner Robins,GA,31093
Store,0164,Peachtree City,GA,30269
Store,0165,Covington,GA,30014
Store,0170,Savannah,GA,31404
Store,0172,Loganville,GA,30052
Store,0174,Dawsonville,GA,30534
Store,0175,Norcross,GA,30093
Store,0178,Riverdale,GA,30274
Store,0179,Pooler,GA,31322
Store,1747,Evans,GA,30809
Store,1748,Hartwell,GA,30643
Store,1749,Austell,GA,30106
Store,1750,Blairsville,GA,30512
Store,1754,Suwanee,GA,30024
Store,1755,Roswell,GA,30076
Store,1763,Marietta,GA,30066
Store,1764,Commerce,GA,30529
Store,1769,Fort Oglethorpe,GA,30742
Store,1770,Moultrie,GA,31788
Store,1771,Blue Ridge,GA,30513
Store,1772,Macon,GA,31206
Store,1773,Cordele,GA,31015
Store,1774,Monroe,GA,30655
Store,1775,Lilburn,GA,30047
Store,1777,Kennesaw,GA,30144
Store,1856,Flowery Branch,GA,30542
Store,6848,Lovejoy,GA,30250
Store,6861,Villa Rica,GA,30180
Store,6888,Toccoa,GA,30577
Store,6940,Powder Springs,GA,30127
Store,6941,Lithia Springs,GA,30122
Store,6942,Cedartown,GA,30125
Store,6943,Canton,GA,30115
Store,6959,Bainbridge,GA,39819
Store,6977,Ellenwood,GA,30294
Store,6978,Suwanee,GA,30024
Store,6979,Winder,GA,30680
Store,6980,Dahlonega,GA,30533
Store,6986,Atlanta,GA,30324
Store,8412,Clayton,GA,30525
Store,8413,Jasper,GA,30143
Store,8527,Thomaston,GA,30286
Store,8584,Greensboro,GA,30642
Store,8924,Calhoun,GA,30701
Store,8954,Dublin,GA,31021
Store,1710,Tamuning,GU,96913
Store,1701,Honolulu,HI,96817
Store,1702,Pearl City,HI,96782
Store,1703,Kahului,HI,96732
Store,1704,Kailua Kona,HI,96740
Store,1705,Lihue,HI,96766
Store,1706,Kapolei,HI,96707
Store,1707,Honolulu,HI,96819
Store,8453,Hilo,HI,96720
Store,2101,Waterloo,IA,50702
Store,2103,West Des Moines,IA,50266
Store,2104,Des Moines,IA,50320
Store,2107,Ankeny,IA,50021
Store,2108,Cedar Rapids,IA,52402
Store,2109,Council Bluffs,IA,51501
Store,2111,Bettendorf,IA,52722
Store,2113,Clinton,IA,52732
Store,2114,Sioux City,IA,51106
Store,2115,Urbandale,IA,50322
Store,1801,Boise,ID,83704
Store,1802,Idaho Falls,ID,83404
Store,1803,Coeur D Alene,ID,83815
Store,1804,Meridian,ID,83642
Store,1805,Twin Falls,ID,83301
Store,1806,Boise,ID,83705
Store,1807,Chubbuck,ID,83202
Store,1808,Lewiston,ID,83501
Store,1809,Eagle,ID,83616
Store,1810,Ponderay,ID,83852
Store,1811,Caldwell,ID,83605
Store,1866,Moscow,ID,83843
Store,8941,Nampa,ID,83651
Store,1851,Belleville,IL,62226
Store,1901,Broadview,IL,60155
Store,1902,Evanston,IL,60202
Store,1903,Chicago,IL,60707
Store,1904,Schaumburg,IL,60194
Store,1905,Darien,IL,60561
Store,1906,Orland Park,IL,60462
Store,1907,Niles,IL,60714
Store,1908,Chicago,IL,60629
Store,1909,Calumet City,IL,60409
Store,1911,Cicero,IL,60804
Store,1912,Chicago,IL,60642
Store,1913,Mount Prospect,IL,60056
Store,1914,Chicago,IL,60620
Store,1915,Quincy,IL,62305
Store,1916,Downers Grove,IL,60515
Store,1917,Glendale Heights,IL,60139
Store,1918,Naperville,IL,60540
Store,1919,Northlake,IL,60164
Store,1920,Crystal Lake,IL,60014
Store,1921,Geneva,IL,60134
Store,1922,Gurnee,IL,60031
Store,1924,O Fallon,IL,62269
Store,1926,Deerfield,IL,60015
Store,1927,Palatine,IL,60074
Store,1928,Rockford,IL,61107
Store,1932,Matteson,IL,60443
Store,1934,Elgin,IL,60123
Store,1935,Chicago Ridge,IL,60415
Store,1936,Homewood,IL,60430
Store,1938,Vernon Hills,IL,60061
Store,1939,Bolingbrook,IL,60490
Store,1940,Algonquin,IL,60102
Store,1941,Waukegan,IL,60085
Store,1942,Woodridge,IL,60517
Store,1943,Carol Stream,IL,60188
Store,1944,Ingleside,IL,60041
Store,1948,Carpentersville,IL,60110
Store,1950,Chicago,IL,60607
Store,1952,Lake Zurich,IL,60047
Store,1955,Oak Lawn,IL,60453
Store,1956,Machesney Park,IL,61115
Store,1957,Aurora,IL,60506
Store,1961,Chicago,IL,60647
Store,1962,Joliet,IL,60435
Store,1964,Bartlett,IL,60103
Store,1967,Mattoon,IL,61938
Store,1969,Mchenry,IL,60051
Store,1973,Edwardsville,IL,62025
Store,1974,Chicago,IL,60639
Store,1975,Oswego,IL,60543
Store,1976,Chicago,IL,60614
Store,1977,Peru,IL,61354
Store,1978,Peoria,IL,61615
Store,1979,Marion,IL,62959
Store,1980,Chicago,IL,60618
Store,1981,Niles,IL,60714
Store,1982,Oakbrook Terrace,IL,60181
Store,1983,Countryside,IL,60525
Store,1984,Champaign,IL,61820
Store,1986,Chicago,IL,60609
Store,1987,Glenview,IL,60026
Store,1989,Homer Glen,IL,60491
Store,6701,Elk Grove Village,IL,60007
Store,6822,Alsip,IL,60803
Store,6887,Yorkville,IL,60560
Store,6919,Frankfort,IL,60423
Store,6920,Alton,IL,62002
Store,6923,South Elgin,IL,60177
Store,6925,Shorewood,IL,60404
Store,6961,Collinsville,IL,62234
Store,6981,Mundelein,IL,60060
Store,6987,Normal,IL,61761
Store,8430,Jacksonville,IL,62650
Store,8431,Round Lake Beach,IL,60073
Store,8598,Chicago,IL,60659
Store,1937,Schererville,IN,46375
Store,2001,Merrillville,IN,46410
Store,2002,Clarksville,IN,47129
Store,2003,Evansville,IN,47715
Store,2009,Fort Wayne,IN,46818
Store,2010,Evansville,IN,47712
Store,2011,Indianapolis,IN,46219
Store,2012,Indianapolis,IN,46237
Store,2014,Indianapolis,IN,46254
Store,2016,New Albany,IN,47150
Store,2017,Noblesville,IN,46060
Store,2018,Indianapolis,IN,46256
Store,2019,Greenwood,IN,46143
Store,2021,Seymour,IN,47274
Store,2023,Logansport,IN,46947
Store,2024,Auburn,IN,46706
Store,2025,Jasper,IN,47546
Store,2026,Greenfield,IN,46140
Store,2030,Valparaiso,IN,46383
Store,2033,Mishawaka,IN,46545
Store,2034,Lafayette,IN,47904
Store,2036,Hammond,IN,46320
Store,2037,Carmel,IN,46032
Store,8918,Crawfordsville,IN,47933
Store,2201,Olathe,KS,66062
Store,2202,Merriam,KS,66202
Store,2203,Overland Park,KS,66212
Store,2204,Wichita,KS,67220
Store,2205,Wichita,KS,67209
Store,2207,Topeka,KS,66604
Store,2209,Overland Park,KS,66223
Store,2211,Lawrence,KS,66046
Store,2213,Shawnee,KS,66217
Store,2214,Hutchinson,KS,67501
Store,2216,Leavenworth,KS,66048
Store,2217,Manhattan,KS,66502
Store,2218,Olathe,KS,66062
Store,2219,Garden City,KS,67846
Store,2220,Pittsburg,KS,66762
Store,2221,Hays,KS,67601
Store,2301,Louisville,KY,40220
Store,2302,Louisville,KY,40258
Store,2303,Lexington,KY,40502
Store,2305,Louisville,KY,40241
Store,2306,Florence,KY,41042
Store,2307,Louisville,KY,40219
Store,2313,Louisville,KY,40207
Store,2314,Paducah,KY,42001
Store,2315,Lexington,KY,40504
Store,2316,Elizabethtown,KY,42701
Store,2317,Owensboro,KY,42301
Store,2318,Bowling Green,KY,42104
Store,2323,Cold Spring,KY,41076
Store,2324,Crescent Springs,KY,41017
Store,0347,Hammond,LA,70403
Store,0349,Kenner,LA,70062
Store,0352,New Orleans,LA,70128
Store,0356,Shreveport,LA,71106
Store,0357,Baton Rouge,LA,70816
Store,0358,Covington,LA,70433
Store,0359,Gretna,LA,70053
Store,0360,Lafayette,LA,70503
Store,0362,Harahan,LA,70123
Store,0363,Lake Charles,LA,70615
Store,0364,Bossier City,LA,71111
Store,0365,Slidell,LA,70460
Store,0366,Monroe,LA,71203
Store,0367,Baton Rouge,LA,70815
Store,0368,Marrero,LA,70072
Store,0370,Baton Rouge,LA,70810
Store,0371,Houma,LA,70360
Store,0373,Chalmette,LA,70043
Store,0374,Alexandria,LA,71301
Store,0375,Denham Springs,LA,70726
Store,0376,Lafayette,LA,70501
Store,0378,La Place,LA,70068
Store,0380,Zachary,LA,70791
Store,0381,Shreveport,LA,71129
Store,0383,Gonzales,LA,70737
Store,0385,New Orleans,LA,70125
Store,0386,Slidell,LA,70461
Store,0389,Broussard,LA,70518
Store,2602,Watertown,MA,02472
Store,2603,Bridgewater,MA,02324
Store,2605,Somerset,MA,02726
Store,2607,Marlborough,MA,01752
Store,2608,Quincy,MA,02169
Store,2609,Mansfield,MA,02048
Store,2610,Chicopee,MA,01020
Store,2611,Brockton,MA,02302
Store,2612,Hyannis,MA,02601
Store,2613,East Wareham,MA,02538
Store,2614,Reading,MA,01867
Store,2615,Seekonk,MA,02771
Store,2619,Greenfield,MA,01301
Store,2623,Danvers,MA,01923
Store,2624,Oxford,MA,01540
Store,2650,Rockland,MA,02370
Store,2651,Bellingham,MA,02019
Store,2653,Saugus,MA,01906
Store,2659,South Attleboro,MA,02703
Store,2662,West Springfield,MA,01089
Store,2663,Danvers,MA,01923
Store,2665,West Roxbury,MA,02132
Store,2667,Somerville,MA,02145
Store,2668,Tewksbury,MA,01876
Store,2669,Natick,MA,01760
Store,2670,Quincy,MA,02169
Store,2671,Avon,MA,02322
Store,2672,Shrewsbury,MA,01545
Store,2673,North Dartmouth,MA,02747
Store,2674,Waltham,MA,02451
Store,2676,Leominster,MA,01453
Store,2677,Taunton,MA,02780
Store,2678,Wilbraham,MA,01095
Store,2679,Boston,MA,02125
Store,2680,Plymouth,MA,02360
Store,2681,Norwood,MA,02062
Store,2682,Auburn,MA,01501
Store,2683,Pittsfield,MA,01201
Store,2684,Worcester,MA,01606
Store,2685,Methuen,MA,01844
Store,2686,Salem,MA,01970
Store,2688,Everett,MA,02149
Store,8452,Hadley,MA,01035
Store,8923,Westfield,MA,01085
Store,8979,Chelsea,MA,02150
Store,2501,Glen Burnie,MD,21060
Store,2502,Baltimore,MD,21220
Store,2503,Catonsville,MD,21228
Store,2504,Parkville,MD,21234
Store,2505,Baltimore,MD,21224
Store,2506,Bel Air,MD,21014
Store,2507,Owings Mills,MD,21117
Store,2509,Bethesda,MD,20817
Store,2510,Aberdeen,MD,21001
Store,2511,Frederick,MD,21702
Store,2550,Gaithersburg,MD,20877
Store,2551,Silver Spring,MD,20904
Store,2552,College Park,MD,20740
Store,2554,Oxon Hill,MD,20745
Store,2555,Capitol Heights,MD,20743
Store,2557,Annapolis,MD,21401
Store,2558,Aspen Hill,MD,20906
Store,2559,Frederick,MD,21704
Store,2560,Germantown,MD,20876
Store,2561,Salisbury,MD,21804
Store,2562,Bowie,MD,20716
Store,2563,Waldorf,MD,20601
Store,2564,Hyattsville,MD,20782
Store,2565,Cockeysville,MD,21030
Store,2566,Ellicott City,MD,21042
Store,2567,Hagerstown,MD,21740
Store,2571,Laurel,MD,20707
Store,2575,Columbia,MD,21046
Store,2576,Edgewood,MD,21040
Store,2577,Parkville,MD,21234
Store,2578,Berlin,MD,21811
Store,2579,Halethorpe,MD,21227
Store,2580,Westminster,MD,21157
Store,2581,Sykesville,MD,21784
Store,2582,Glen Burnie,MD,21060
Store,2584,Baltimore,MD,21215
Store,2587,Rosedale,MD,21237
Store,2589,Annapolis,MD,21401
Store,6945,Randallstown,MD,21133
Store,8548,Lanham,MD,20706
Store,8550,Upper Marlboro,MD,20772
Store,designcenter,Rockville,MD,20852
Store,2401,Portland,ME,04103
Store,2403,Auburn,ME,04210
Store,2404,Augusta,ME,04330
Store,2405,Biddeford,ME,04005
Store,2406,South Portland,ME,04106
Store,2407,Waterville,ME,04901
Store,2408,Ellsworth,ME,04605
Store,2409,Rockland,ME,04841
Store,2410,Topsham,ME,04086
Store,2412,Windham,ME,04062
Store,2414,Bangor,ME,04401
Store,2701,Pontiac,MI,48341
Store,2702,Warren,MI,48089
Store,2703,Canton,MI,48187
Store,2704,Northville,MI,48167
Store,2706,Troy,MI,48084
Store,2707,Roseville,MI,48066
Store,2708,Utica,MI,48315
Store,2709,Taylor,MI,48180
Store,2710,Dearborn Heights,MI,48125
Store,2711,Southfield,MI,48076
Store,2714,Saginaw,MI,48604
Store,2715,Grand Rapids,MI,49512
Store,2716,Flint,MI,48532
Store,2717,Burton,MI,48509
Store,2718,Harper Woods,MI,48225
Store,2720,Walker,MI,49544
Store,2721,Ypsilanti,MI,48197
Store,2722,Commerce Township,MI,48390
Store,2723,Okemos,MI,48864
Store,2724,Brighton,MI,48116
Store,2725,Lansing,MI,48917
Store,2726,Traverse City,MI,49684
Store,2727,Rochester Hills,MI,48307
Store,2728,Portage,MI,49002
Store,2729,White Lake,MI,48386
Store,2731,Madison Heights,MI,48071
Store,2732,Mount Pleasant,MI,48858
Store,2733,Fort Gratiot,MI,48059
Store,2734,Chesterfield,MI,48051
Store,2736,Lapeer,MI,48446
Store,2737,Novi,MI,48374
Store,2738,Woodhaven,MI,48183
Store,2739,Bay City,MI,48706
Store,2740,Sterling Heights,MI,48312
Store,2741,Fenton,MI,48430
Store,2742,Livonia,MI,48150
Store,2743,Lake Orion,MI,48360
Store,2744,Canton,MI,48188
Store,2747,Midland,MI,48642
Store,2748,Grandville,MI,49418
Store,2751,Howell,MI,48843
Store,2752,Cadillac,MI,49601
Store,2754,Muskegon,MI,49441
Store,2755,Petoskey,MI,49770
Store,2757,Dearborn,MI,48126
Store,2758,Shelby Township,MI,48316
Store,2759,Gaylord,MI,49735
Store,2760,Alpena,MI,49707
Store,2761,Wyoming,MI,49548
Store,2762,Plymouth,MI,48170
Store,2763,Flint,MI,48507
Store,2764,Auburn Hills,MI,48326
Store,2765,Flushing,MI,48433
Store,2766,Coldwater,MI,49036
Store,2767,Ludington,MI,49431
Store,2768,Benton Harbor,MI,49022
Store,2769,Houghton Lake,MI,48629
Store,2770,Jackson,MI,49202
Store,2771,Plainwell,MI,49080
Store,2772,Owosso,MI,48867
Store,2773,Farmington Hills,MI,48334
Store,2775,Iron Mountain,MI,49801
Store,2776,Macomb Township,MI,48044
Store,2779,Saginaw,MI,48609
Store,2780,Grand Haven,MI,49417
Store,2781,Detroit,MI,48235
Store,2782,West Branch,MI,48661
Store,2785,Three Rivers,MI,49093
Store,2789,Taylor,MI,48180
Store,6821,Allen Park,MI,48101
Store,2801,Maplewood,MN,55109
Store,2802,Fridley,MN,55432
Store,2803,Coon Rapids,MN,55433
Store,2804,Brooklyn Park,MN,55428
Store,2805,Bloomington,MN,55420
Store,2806,Saint Louis Park,MN,55416
Store,2807,Minneapolis,MN,55413
Store,2808,Plymouth,MN,55441
Store,2809,Burnsville,MN,55337
Store,2810,Woodbury,MN,55125
Store,2811,Waite Park,MN,56387
Store,2812,Eden Prairie,MN,55344
Store,2813,Eagan,MN,55121
Store,2817,Duluth,MN,55811
Store,2818,Baxter,MN,56425
Store,2820,Forest Lake,MN,55025
Store,2821,Elk River,MN,55330
Store,2825,Chaska,MN,55318
Store,2826,Rochester,MN,55901
Store,2828,Blaine,MN,55449
Store,2829,Mankato,MN,56001
Store,2830,Bemidji,MN,56601
Store,2831,Fergus Falls,MN,56537
Store,2832,Albert Lea,MN,56007
Store,2833,Apple Valley,MN,55124
Store,2834,Grand Rapids,MN,55744
Store,2840,Monticello,MN,55362
Store,2841,Shakopee,MN,55379
Store,2842,Willmar,MN,56201
Store,2843,Inver Grove Heights,MN,55077
Store,2844,Maple Grove,MN,55369
Store,2845,Richfield,MN,55423
Store,2847,Blaine,MN,55434
Store,3001,Columbia,MO,65202
Store,3002,Brentwood,MO,63144
Store,3003,Bridgeton,MO,63044
Store,3004,Ballwin,MO,63011
Store,3006,Independence,MO,64055
Store,3007,St Louis,MO,63127
Store,3008,Gladstone,MO,64118
Store,3009,Saint Charles,MO,63303
Store,3010,Saint Louis,MO,63125
Store,3011,Saint Louis,MO,63139
Store,3012,Springfield,MO,65804
Store,3013,Saint Louis,MO,63136
Store,3014,Arnold,MO,63010
Store,3015,O'Fallon,MO,63366
Store,3016,Kansas City,MO,64137
Store,3018,Ellisville,MO,63011
Store,3019,Kansas City,MO,64157
Store,3021,Kansas City,MO,64111
Store,3022,Saint Peters,MO,63304
Store,3024,Blue Springs,MO,64014
Store,3025,Wentzville,MO,63385
Store,3026,Lees Summit,MO,64081
Store,3027,Osage Beach,MO,65065
Store,3029,Belton,MO,64012
Store,3032,Festus,MO,63028
Store,3033,Poplar Bluff,MO,63901
Store,3034,Florissant,MO,63033
Store,3036,Kirksville,MO,63501
Store,3037,Overland,MO,63114
Store,3038,Branson,MO,65616
Store,3042,Joplin,MO,64801
Store,8460,Kansas City,MO,64154
Store,8984,Saint Joseph,MO,64506
Store,8994,Chesterfield,MO,63005
Store,2901,Gulfport,MS,39503
Store,2902,Jackson,MS,39213
Store,2903,Horn Lake,MS,38637
Store,2905,Hattiesburg,MS,39402
Store,2906,Saltillo,MS,38866
Store,2907,Brandon,MS,39042
Store,2909,Vicksburg,MS,39180
Store,2910,Biloxi,MS,39532
Store,2912,Madison,MS,39110
Store,2913,Brookhaven,MS,39601
Store,2914,Oxford,MS,38655
Store,2915,Picayune,MS,39466
Store,2917,Clinton,MS,39056
Store,8469,Olive Branch,MS,38654
Store,3101,Billings,MT,59102
Store,3102,Missoula,MT,59808
Store,3103,Great Falls,MT,59404
Store,3104,Bozeman,MT,59718
Store,3105,Kalispell,MT,59901
Store,3106,Helena,MT,59602
Store,3601,Pineville,NC,28134
Store,3602,Matthews,NC,28105
Store,3603,Charlotte,NC,28213
Store,3604,Greensboro,NC,27407
Store,3605,Greensboro,NC,27410
Store,3606,Gastonia,NC,28056
Store,3607,Kannapolis,NC,28083
Store,3608,Charlotte,NC,28211
Store,3609,Wilmington,NC,28412
Store,3610,Winston Salem,NC,27103
Store,3615,Cary,NC,27518
Store,3616,Raleigh,NC,27616
Store,3620,Durham,NC,27707
Store,3625,Asheville,NC,28803
Store,3626,Fayetteville,NC,28314
Store,3627,Burlington,NC,27215
Store,3628,Hickory,NC,28602
Store,3629,Wilmington,NC,28403
Store,3631,Garner,NC,27529
Store,3632,Durham,NC,27705
Store,3633,High Point,NC,27262
Store,3634,Raleigh,NC,27615
Store,3637,Hendersonville,NC,28792
Store,3638,Cornelius,NC,28031
Store,3639,Charlotte,NC,28227
Store,3640,Charlotte,NC,28277
Store,3641,Winston Salem,NC,27105
Store,3642,Statesville,NC,28625
Store,3644,Apex,NC,27523
Store,3645,Asheville,NC,28806
Store,3646,Charlotte,NC,28217
Store,3647,Wake Forest,NC,27587
Store,3648,Shallotte,NC,28470
Store,3650,Kitty Hawk,NC,27949
Store,3651,Greensboro,NC,27406
Store,3652,Fuquay Varina,NC,27526
Store,3655,Jacksonville,NC,28546
Store,3661,Hillsborough,NC,27278
Store,3662,Charlotte,NC,28273
Store,3663,Knightdale,NC,27545
Store,3701,Fargo,ND,58103
Store,3703,Minot,ND,58701
Store,3201,Omaha,NE,68116
Store,3202,Omaha,NE,68134
Store,3203,Omaha,NE,68137
Store,3204,Lincoln,NE,68516
Store,3206,Papillion,NE,68046
Store,3208,Grand Island,NE,68803
Store,3209,Lincoln,NE,68521
Store,3210,Scottsbluff,NE,69361
Store,3401,Londonderry,NH,03053
Store,3402,Tilton,NH,03276
Store,3403,Hooksett,NH,03106
Store,3404,Seabrook,NH,03874
Store,3405,North Hampton,NH,03862
Store,3406,West Lebanon,NH,03784
Store,3407,North Conway,NH,03860
Store,3408,Claremont,NH,03743
Store,3409,Portsmouth,NH,03801
Store,3480,Salem,NH,03079
Store,3481,Nashua,NH,03060
Store,3482,Manchester,NH,03103
Store,3484,Nashua,NH,03063
Store,3485,Concord,NH,03301
Store,3486,Merrimack,NH,03054
Store,3487,Plaistow,NH,03865
Store,3488,Keene,NH,03431
Store,3489,Rochester,NH,03867
Store,8539,Littleton,NH,03561
Store,8931,Somersworth,NH,03878
Store,0901,East Hanover,NJ,07936
Store,0902,Lakewood,NJ,08701
Store,0903,South Plainfield,NJ,07080
Store,0904,Paramus,NJ,07652
Store,0906,Watchung,NJ,07069
Store,0907,West Long Branch,NJ,07764
Store,0908,Clifton,NJ,07012
Store,0909,Succasunna,NJ,07876
Store,0910,Secaucus,NJ,07094
Store,0912,Brick,NJ,08724
Store,0914,Mount Laurel,NJ,08054
Store,0915,Vauxhall,NJ,07088
Store,0916,Woodbridge,NJ,07095
Store,0917,Lawnside,NJ,08045
Store,0918,Milltown,NJ,08850
Store,0919,Riverdale,NJ,07457
Store,0920,Toms River,NJ,08755
Store,0921,Princeton,NJ,08540
Store,0922,Totowa,NJ,07512
Store,0925,Dover,NJ,07801
Store,0926,Hazlet,NJ,07730
Store,0927,Robbinsville,NJ,08691
Store,0928,Bloomfield,NJ,07003
Store,0929,Deptford,NJ,08096
Store,0930,Egg Harbor Township,NJ,08234
Store,0931,Phillipsburg,NJ,08865
Store,0932,Lodi,NJ,07644
Store,0933,Howell,NJ,07731
Store,0934,Linden,NJ,07036
Store,0935,Jersey City,NJ,07305
Store,0939,Westampton,NJ,08060
Store,0940,West Berlin,NJ,08091
Store,0941,Flemington,NJ,08822
Store,0942,Sicklerville,NJ,08081
Store,0943,Cape May Court House,NJ,08210
Store,0944,Edison,NJ,08837
Store,0946,Vineland,NJ,08360
Store,0947,Bridgewater,NJ,08807
Store,0949,Neptune,NJ,07753
Store,0950,Passaic,NJ,07055
Store,0951,Stafford Township,NJ,08050
Store,0953,Hackettstown,NJ,07840
Store,0954,Union,NJ,07083
Store,0957,Old Bridge,NJ,08857
Store,0959,Paterson,NJ,07514
Store,0961,Freehold,NJ,07728
Store,0962,Bridgewater,NJ,08807
Store,0963,Mahwah,NJ,07430
Store,0965,Montville,NJ,07045
Store,0969,Forked River,NJ,08731
Store,0970,Delran,NJ,08075
Store,0974,Mantua,NJ,08051
Store,0975,Absecon,NJ,08201
Store,0976,Ewing,NJ,08638
Store,0977,Parsippany,NJ,07054
Store,0980,Newark,NJ,07103
Store,0981,Colonia,NJ,07067
Store,0982,East Windsor,NJ,08520
Store,0983,Hackensack,NJ,07601
Store,0984,Newton,NJ,07860
Store,0989,Cherry Hill,NJ,08002
Store,6845,Jersey City,NJ,07310
Store,6903,Garwood,NJ,07027
Store,6905,Elizabeth,NJ,07202
Store,6911,Morganville,NJ,07751
Store,6917,Monmouth Junction,NJ,08852
Store,8475,North Bergen,NJ,07047
Store,3501,Albuquerque,NM,87123
Store,3502,Albuquerque,NM,87107
Store,3503,Santa Fe,NM,87507
Store,3504,Albuquerque,NM,87114
Store,3505,Las Cruces,NM,88011
Store,3507,Albuquerque,NM,87120
Store,3508,Farmington,NM,87402
Store,3510,Roswell,NM,88201
Store,3511,Los Lunas,NM,87031
Store,3514,Gallup,NM,87301
Store,3515,Hobbs,NM,88240
Store,3516,Alamogordo,NM,88310
Store,3517,Rio Rancho,NM,87124
Store,3301,Las Vegas,NV,89145
Store,3302,Henderson,NV,89014
Store,3303,Las Vegas,NV,89104
Store,3304,Reno,NV,89512
Store,3305,Las Vegas,NV,89149
Store,3306,Las Vegas,NV,89123
Store,3307,North Las Vegas,NV,89032
Store,3308,Las Vegas,NV,89113
Store,3309,Carson City,NV,89706
Store,3310,Reno,NV,89511
Store,3311,Reno,NV,89523
Store,3312,Carson City,NV,89705
Store,3313,Sparks,NV,89436
Store,3314,Las Vegas,NV,89147
Store,3315,Las Vegas,NV,89117
Store,3316,Las Vegas,NV,89120
Store,3318,Las Vegas,NV,89103
Store,3320,Elko,NV,89801
Store,3322,Pahrump,NV,89060
Store,3324,North Las Vegas,NV,89086
Store,8560,Reno,NV,89521
Store,1202,Commack,NY,11725
Store,1206,Freeport,NY,11520
Store,1207,Wappingers Falls,NY,12590
Store,1208,Elmont,NY,11003
Store,1209,Selden,NY,11784
Store,1211,Bay Shore,NY,11706
Store,1212,Port Chester,NY,10573
Store,1213,Jericho,NY,11753
Store,1214,Flushing,NY,11355
Store,1215,South Ozone Park,NY,11420
Store,1216,Valley Stream,NY,11581
Store,1217,West Nyack,NY,10994
Store,1218,Copiague,NY,11726
Store,1220,Glendale,NY,11385
Store,1221,Bronx,NY,10469
Store,1222,Riverhead,NY,11901
Store,1223,Saratoga Springs,NY,12866
Store,1225,Brooklyn,NY,11232
Store,1227,Kingston,NY,12401
Store,1228,Cheektowaga,NY,14225
Store,1229,Coram,NY,11727
Store,1230,Williamsville,NY,14221
Store,1231,West Seneca,NY,14224
Store,1233,Amherst,NY,14228
Store,1234,Buffalo,NY,14207
Store,1235,Cicero,NY,13039
Store,1236,East Syracuse,NY,13057
Store,1238,Jamaica,NY,11434
Store,1239,Schenectady,NY,12304
Store,1241,Albany,NY,12205
Store,1242,Middletown,NY,10940
Store,1244,Greece,NY,14615
Store,1245,New Rochelle,NY,10805
Store,1246,Rochester,NY,14623
Store,1247,Rochester,NY,14625
Store,1248,Yonkers,NY,10710
Store,1249,Staten Island,NY,10303
Store,1250,Newburgh,NY,12550
Store,1251,Mohegan Lake,NY,10547
Store,1252,Johnson City,NY,13790
Store,1254,New Hartford,NY,13413
Store,1255,Long Island City,NY,11101
Store,1256,Brooklyn,NY,11214
Store,1257,Camillus,NY,13031
Store,1258,Patchogue,NY,11772
Store,1259,Latham,NY,12110
Store,1261,Nanuet,NY,10954
Store,1262,Albany,NY,12205
Store,1263,Rensselaer,NY,12144
Store,1264,Victor,NY,14564
Store,1265,South Setauket,NY,11720
Store,1266,Poughkeepsie,NY,12601
Store,1267,Farmingdale,NY,11735
Store,1268,Lockport,NY,14094
Store,1269,Halfmoon,NY,12065
Store,1271,Brewster,NY,10509
Store,1272,Huntington,NY,11743
Store,1273,Rochester,NY,14621
Store,1274,Hempstead,NY,11550
Store,1277,Flushing,NY,11354
Store,1278,Rochester,NY,14624
Store,1281,Staten Island,NY,10309
Store,1282,Shirley,NY,11967
Store,1284,Monroe,NY,10950
Store,1285,Deer Park,NY,11729
Store,1286,Buffalo,NY,14219
Store,1287,Niagara Falls,NY,14304
Store,1289,Amsterdam,NY,12010
Store,6105,Levittown,NY,11756
Store,6120,Maspeth,NY,11378
Store,6140,New York,NY,10065
Store,6150,Staten Island,NY,10304
Store,6152,Brooklyn,NY,11239
Store,6153,Liverpool,NY,13090
Store,6154,Jamestown,NY,14701
Store,6155,Ithaca,NY,14850
Store,6158,Brooklyn,NY,11234
Store,6159,Painted Post,NY,14870
Store,6160,Queensbury,NY,12804
Store,6161,Olean,NY,14760
Store,6167,Commack,NY,11725
Store,6168,Batavia,NY,14020
Store,6169,Dunkirk,NY,14048
Store,6172,Monticello,NY,12701
Store,6173,Oneonta,NY,13820
Store,6174,Watertown,NY,13601
Store,6175,New York,NY,10010
Store,6176,Leeds,NY,12451
Store,6178,Fishkill,NY,12524
Store,6844,East Elmhurst,NY,11370
Store,6846,Auburn,NY,13021
Store,6877,Bronx,NY,10465
Store,6891,Bronx,NY,10451
Store,6928,Jamaica,NY,11433
Store,6955,Central Islip,NY,11722
Store,6957,Brooklyn,NY,11205
Store,8456,Hawthorne,NY,10532
Store,8465,Westbury,NY,11590
Store,8466,Syosset,NY,11791
Store,8958,Bellport,NY,11713
Store,8996,Massena,NY,13662
Store,3801,Toledo,OH,43615
Store,3803,North Olmsted,OH,44070
Store,3804,Maple Heights,OH,44137
Store,3805,Boardman,OH,44512
Store,3806,Cleveland,OH,44130
Store,3807,Toledo,OH,43606
Store,3808,Warren,OH,44484
Store,3809,Cuyahoga Falls,OH,44221
Store,3810,Canton,OH,44720
Store,3811,Columbus,OH,43231
Store,3812,Cincinnati,OH,45255
Store,3813,Mason,OH,45040
Store,3814,Cincinnati,OH,45251
Store,3815,Mentor,OH,44060
Store,3816,Reynoldsburg,OH,43068
Store,3817,Strongsville,OH,44136
Store,3818,Cleveland Heights,OH,44118
Store,3819,Columbus,OH,43228
Store,3820,Cleveland,OH,44111
Store,3821,Cincinnati,OH,45240
Store,3822,Cincinnati,OH,45211
Store,3823,West Chester,OH,45069
Store,3824,Macedonia,OH,44056
Store,3825,Westerville,OH,43082
Store,3827,Elyria,OH,44035
Store,3828,Columbus,OH,43230
Store,3830,Akron,OH,44312
Store,3831,Dublin,OH,43017
Store,3832,Cincinnati,OH,45213
Store,3833,Medina,OH,44256
Store,3835,Avon,OH,44011
Store,3836,Powell,OH,43065
Store,3838,Ashtabula,OH,44004
Store,3841,Fairlawn,OH,44333
Store,3842,Highland Heights,OH,44143
Store,3843,Washington Court House,OH,43160
Store,3844,Milford,OH,45150
Store,3846,Mansfield,OH,44906
Store,3847,Rocky River,OH,44116
Store,3848,Toledo,OH,43612
Store,3852,Euclid,OH,44119
Store,3854,Centerville,OH,45459
Store,3855,Fairborn,OH,45324
Store,3856,Dayton,OH,45426
Store,3857,Dayton,OH,45449
Store,3858,Rossford,OH,43460
Store,3859,Streetsboro,OH,44241
Store,3860,Massillon,OH,44646
Store,3861,Hamilton,OH,45011
Store,3862,Piqua,OH,45356
Store,3863,Harrison,OH,45030
Store,3864,Bowling Green,OH,43402
Store,3866,Sandusky,OH,44870
Store,3867,Springfield,OH,45504
Store,3868,Lebanon,OH,45036
Store,3872,Hilliard,OH,43026
Store,3875,Brunswick,OH,44212
Store,3877,Salem,OH,44460
Store,3882,Wadsworth,OH,44281
Store,3883,Zanesville,OH,43701
Store,3885,Canal Winchester,OH,43110
Store,3886,Austintown,OH,44515
Store,3887,Newark,OH,43055
Store,3888,Ashland,OH,44805
Store,3889,Marysville,OH,43040
Store,6857,Cleveland,OH,44109
Store,6930,Lorain,OH,44053
Store,6931,Aurora,OH,44202
Store,6954,Grove City,OH,43123
Store,8981,Chardon,OH,44024
Store,3901,Oklahoma City,OK,73149
Store,3902,Oklahoma City,OK,73112
Store,3903,Tulsa,OK,74133
Store,3904,Tulsa,OK,74120
Store,3906,Norman,OK,73072
Store,3907,Edmond,OK,73013
Store,3908,Oklahoma City,OK,73127
Store,3909,Oklahoma City,OK,73132
Store,3911,Midwest City,OK,73110
Store,3913,Tulsa,OK,74145
Store,3914,Lawton,OK,73505
Store,3915,Tulsa,OK,74137
Store,3917,Moore,OK,73160
Store,3918,Ada,OK,74820
Store,3919,Oklahoma City,OK,73134
Store,8922,Owasso,OK,74055
Store,4001,Portland,OR,97229
Store,4002,Tigard,OR,97224
Store,4003,Eugene,OR,97408
Store,4004,Portland,OR,97220
Store,4006,Salem,OR,97317
Store,4007,Portland,OR,97217
Store,4008,Bend,OR,97703
Store,4009,Albany,OR,97322
Store,4010,Hillsboro,OR,97123
Store,4013,Portland,OR,97216
Store,4014,Troutdale,OR,97060
Store,4015,Sherwood,OR,97140
Store,4017,Oregon City,OR,97045
Store,4018,Beaverton,OR,97005
Store,4019,Klamath Falls,OR,97603
Store,4020,Roseburg,OR,97470
Store,4023,Warrenton,OR,97146
Store,4025,Ontario,OR,97914
Store,4026,The Dalles,OR,97058
Store,4028,Eugene,OR,97402
Store,4029,Corvallis,OR,97330
Store,4030,Salem,OR,97301
Store,4031,Hermiston,OR,97838
Store,4032,Redmond,OR,97756
Store,4034,Grants Pass,OR,97526
Store,4040,Happy Valley,OR,97086
Store,8557,Phoenix,OR,97535
Store,4101,Philadelphia,PA,19148
Store,4102,Fairless Hills,PA,19030
Store,4103,Bensalem,PA,19020
Store,4104,Lansdale,PA,19446
Store,4105,Bethlehem,PA,18020
Store,4106,Conshohocken,PA,19428
Store,4108,Whitehall,PA,18052
Store,4109,Wyncote,PA,19095
Store,4110,Wyomissing,PA,19610
Store,4112,Philadelphia,PA,19124
Store,4113,Swatara,PA,17111
Store,4114,Primos-secane,PA,19018
Store,4115,West Mifflin,PA,15122
Store,4116,Pittsburgh,PA,15235
Store,4117,Pittsburgh,PA,15275
Store,4118,Dickson City,PA,18519
Store,4119,Frazer,PA,19355
Store,4120,Mechanicsburg,PA,17050
Store,4121,Glen Mills,PA,19342
Store,4122,Wilkes-barre,PA,18702
Store,4123,Pittsburgh,PA,15237
Store,4124,Erie,PA,16509
Store,4125,York,PA,17402
Store,4126,Greensburg,PA,15601
Store,4127,Stroudsburg,PA,18360
Store,4128,Johnstown,PA,15904
Store,4129,Washington,PA,15301
Store,4130,Hermitage,PA,16148
Store,4131,Lancaster,PA,17601
Store,4132,Pottstown,PA,19464
Store,4134,Bensalem,PA,19020
Store,4135,Cranberry Township,PA,16066
Store,4136,Pittsburgh,PA,15206
Store,4137,Downingtown,PA,19335
Store,4138,Harrisburg,PA,17112
Store,4139,Butler,PA,16001
Store,4140,Allentown,PA,18103
Store,4141,Lebanon,PA,17042
Store,4142,Folsom,PA,19033
Store,4143,Warrington,PA,18976
Store,4145,Norristown,PA,19403
Store,4148,Beaver Falls,PA,15010
Store,4149,Carlisle,PA,17013
Store,4150,Philadelphia,PA,19134
Store,4152,Allison Park,PA,15101
Store,4156,North Versailles,PA,15137
Store,4158,Souderton,PA,18964
Store,4159,Pittsburgh,PA,15237
Store,4160,Bridgeville,PA,15017
Store,4162,Matamoras,PA,18336
Store,4163,Levittown,PA,19055
Store,4164,Reading,PA,19606
Store,4166,Philadelphia,PA,19145
Store,4168,Hanover,PA,17331
Store,4169,Meadville,PA,16335
Store,4171,Bloomsburg,PA,17815
Store,4172,Uniontown,PA,15401
Store,4173,Easton,PA,18045
Store,4176,Bethel Park,PA,15102
Store,4177,New Freedom,PA,17349
Store,4178,Franklin,PA,16323
Store,4180,Altoona,PA,16602
Store,4181,Broomall,PA,19008
Store,4185,Saint Clair,PA,17970
Store,4186,Allentown,PA,18106
Store,4187,Willow Grove,PA,19090
Store,4188,King Of Prussia,PA,19406
Store,6841,State College,PA,16803
Store,6866,Philadelphia,PA,19116
Store,6956,Honesdale,PA,18431
Store,8955,Parkesburg,PA,19365
Store,6401,Bayamon,PR,00961
Store,6402,Carolina,PR,00983
Store,6403,Caguas,PR,00726
Store,6405,Bayamon,PR,00960
Store,6407,Mayaguez,PR,00682
Store,6408,San Juan,PR,00928
Store,6409,Carolina,PR,00979
Store,6411,Ponce,PR,00728
Store,6412,Hatillo,PR,00659
Store,6415,Humacao,PR,00791
Store,4279,Coventry,RI,02816
Store,4280,Warwick,RI,02886
Store,4282,Smithfield,RI,02917
Store,4283,North Kingstown,RI,02852
Store,4284,Westerly,RI,02891
Store,4285,Providence,RI,02904
Store,4286,Johnston,RI,02919
Store,4287,Middletown,RI,02842
Store,1103,Charleston,SC,29406
Store,1104,Greenville,SC,29609
Store,1105,Anderson,SC,29621
Store,1106,Lexington,SC,29072
Store,1108,Spartanburg,SC,29307
Store,1109,Columbia,SC,29229
Store,1110,Columbia,SC,29223
Store,1112,Columbia,SC,29212
Store,1114,Rock Hill,SC,29730
Store,1115,Bluffton,SC,29910
Store,1116,Myrtle Beach,SC,29577
Store,1117,Aiken,SC,29803
Store,1118,Charleston,SC,29414
Store,1119,Greenville,SC,29607
Store,1120,Summerville,SC,29483
Store,1121,North Myrtle Beach,SC,29582
Store,1122,Murrells Inlet,SC,29576
Store,1124,Simpsonville,SC,29680
Store,1126,Greer,SC,29650
Store,1127,Greenville,SC,29605
Store,1129,Spartanburg,SC,29301
Store,1130,Seneca,SC,29678
Store,1171,Mount Pleasant,SC,29466
Store,6918,Easley,SC,29640
Store,8580,Florence,SC,29501
Store,8913,Lancaster,SC,29720
Store,4301,Sioux Falls,SD,57106
Store,0701,Johnson City,TN,37604
Store,0702,Kingsport,TN,37660
Store,0703,Memphis,TN,38117
Store,0704,Memphis,TN,38133
Store,0707,Murfreesboro,TN,37129
Store,0720,Madison,TN,37115
Store,0721,Antioch,TN,37013
Store,0722,Nashville,TN,37221
Store,0723,Brentwood,TN,37027
Store,0724,Maryville,TN,37801
Store,0725,Memphis,TN,38115
Store,0726,Clarksville,TN,37040
Store,0727,Jackson,TN,38305
Store,0728,Knoxville,TN,37921
Store,0729,Collierville,TN,38017
Store,0730,Knoxville,TN,37922
Store,0731,Knoxville,TN,37917
Store,0732,Nashville,TN,37204
Store,0733,Hermitage,TN,37076
Store,0734,Franklin,TN,37064
Store,0735,Hendersonville,TN,37075
Store,0736,Oak Ridge,TN,37830
Store,0737,Memphis,TN,38128
Store,0739,Sevierville,TN,37876
Store,0740,Lenoir City,TN,37772
Store,0742,Chattanooga,TN,37421
Store,0743,Cleveland,TN,37312
Store,0744,Morristown,TN,37814
Store,0745,Lebanon,TN,37090
Store,0747,Winchester,TN,37398
Store,0748,Manchester,TN,37355
Store,0770,Hixson,TN,37343
Store,0772,Pulaski,TN,38478
Store,0773,Knoxville,TN,37920
Store,0775,Spring Hill,TN,37174
Store,0776,Smyrna,TN,37167
Store,0778,Nashville,TN,37216
Store,0779,Covington,TN,38019
Store,8916,Memphis,TN,38104
Store,0428,El Paso,TX,79928
Store,0501,Beaumont,TX,77703
Store,0503,San Antonio,TX,78223
Store,0504,Round Rock,TX,78664
Store,0505,Lubbock,TX,79414
Store,0506,Pharr,TX,78577
Store,0507,Grand Prairie,TX,75052
Store,0508,Conroe,TX,77304
Store,0509,Austin,TX,78717
Store,0513,Lufkin,TX,75901
Store,0514,Marble Falls,TX,78654
Store,0516,Mcallen,TX,78504
Store,0518,Sherman,TX,75092
Store,0519,Gainesville,TX,76240
Store,0522,El Paso,TX,79936
Store,0523,El Paso,TX,79912
Store,0524,Lewisville,TX,75067
Store,0526,Corpus Christi,TX,78411
Store,0527,Plano,TX,75024
Store,0528,Mckinney,TX,75070
Store,0529,Fort Worth,TX,76134
Store,0530,Cedar Hill,TX,75104
Store,0531,Rockwall,TX,75087
Store,0534,Katy,TX,77449
Store,0537,Euless,TX,76040
Store,0539,Plano,TX,75074
Store,0540,N Richland Hills,TX,76180
Store,0541,Arlington,TX,76017
Store,0542,Fort Worth,TX,76109
Store,0550,Dallas,TX,75218
Store,0551,Plano,TX,75093
Store,0552,Dallas,TX,75237
Store,0553,Garland,TX,75040
Store,0554,Arlington,TX,76011
Store,0555,Balch Springs,TX,75180
Store,0556,Garland,TX,75044
Store,0561,Midland,TX,79707
Store,0562,Odessa,TX,79762
Store,0563,Irving,TX,75061
Store,0564,Dallas,TX,75229
Store,0565,Pasadena,TX,77505
Store,0566,Houston,TX,77081
Store,0568,Spring,TX,77373
Store,0569,Houston,TX,77015
Store,0571,Houston,TX,77043
Store,0574,Sugar Land,TX,77478
Store,0576,Humble,TX,77338
Store,0577,Houston,TX,77008
Store,0578,Houston,TX,77035
Store,0580,San Antonio,TX,78239
Store,0581,San Antonio,TX,78229
Store,0582,San Antonio,TX,78232
Store,0583,Denton,TX,76201
Store,0584,Houston,TX,77072
Store,0585,Houston,TX,77082
Store,0586,San Antonio,TX,78227
Store,0587,Southlake,TX,76092
Store,0588,San Antonio,TX,78249
Store,0589,Dallas,TX,75209
Store,0597,Anna,TX,75409
Store,0598,Dallas,TX,75243
Store,1326,Houston,TX,77007
Store,1349,Montgomery,TX,77356
Store,1832,Houston,TX,77044
Store,1853,League City,TX,77573
Store,1859,Webster,TX,77598
Store,2389,Spring,TX,77389
Store,6106,Prosper,TX,75078
Store,6107,Katy,TX,77494
Store,6501,Houston,TX,77089
Store,6502,Allen,TX,75013
Store,6504,Richardson,TX,75080
Store,6505,Waxahachie,TX,75165
Store,6506,Houston,TX,77084
Store,6507,Baytown,TX,77521
Store,6509,Houston,TX,77087
Store,6510,Houston,TX,77037
Store,6512,Houston,TX,77070
Store,6513,Frisco,TX,75033
Store,6514,Tyler,TX,75701
Store,6515,Weatherford,TX,76086
Store,6516,Conroe,TX,77385
Store,6517,Lake Jackson,TX,77566
Store,6520,Cleburne,TX,76033
Store,6521,Brownsville,TX,78521
Store,6523,Porter,TX,77365
Store,6525,Houston,TX,77040
Store,6526,Killeen,TX,76543
Store,6528,Harlingen,TX,78552
Store,6529,San Antonio,TX,78224
Store,6530,Rosenberg,TX,77471
Store,6531,Bee Cave,TX,78738
Store,6532,Waco,TX,76710
Store,6533,North Richland Hills,TX,76182
Store,6534,Fort Worth,TX,76112
Store,6537,Mesquite,TX,75150
Store,6538,Georgetown,TX,78628
Store,6539,Alvin,TX,77511
Store,6540,Laredo,TX,78041
Store,6541,Manor,TX,78653
Store,6542,Austin,TX,78704
Store,6543,Pearland,TX,77581
Store,6544,San Antonio,TX,78209
Store,6545,Longview,TX,75605
Store,6546,Missouri City,TX,77459
Store,6547,San Antonio,TX,78249
Store,6548,Keller,TX,76248
Store,6549,Lake Worth,TX,76135
Store,6550,San Antonio,TX,78258
Store,6551,Selma,TX,78154
Store,6552,Amarillo,TX,79124
Store,6553,Austin,TX,78753
Store,6554,Greenville,TX,75402
Store,6555,Carrollton,TX,75006
Store,6556,Boerne,TX,78006
Store,6557,Irving,TX,75063
Store,6558,Houston,TX,77063
Store,6559,College Station,TX,77840
Store,6560,Clear Lake Shores,TX,77565
Store,6561,Katy,TX,77494
Store,6562,The Colony,TX,75056
Store,6563,Austin,TX,78744
Store,6564,Corpus Christi,TX,78410
Store,6566,Paris,TX,75460
Store,6567,Pearland,TX,77584
Store,6568,Mansfield,TX,76063
Store,6570,Sunset Valley,TX,78745
Store,6571,Granbury,TX,76048
Store,6572,Flower Mound,TX,75022
Store,6574,Galveston,TX,77551
Store,6575,Bastrop,TX,78602
Store,6576,Kerrville,TX,78028
Store,6577,Weslaco,TX,78599
Store,6578,Huntsville,TX,77320
Store,6579,Terrell,TX,75160
Store,6580,Texarkana,TX,75503
Store,6581,Roanoke,TX,76262
Store,6583,Abilene,TX,79606
Store,6584,Corpus Christi,TX,78415
Store,6585,Cedar Park,TX,78613
Store,6586,Cypress,TX,77429
Store,6587,Victoria,TX,77904
Store,6588,Wichita Falls,TX,76308
Store,6589,Wylie,TX,75098
Store,6804,Dallas,TX,75231
Store,6806,Houston,TX,77093
Store,6807,San Angelo,TX,76901
Store,6808,Pflugerville,TX,78660
Store,6809,Mckinney,TX,75071
Store,6814,Fort Worth,TX,76137
Store,6816,Dallas,TX,75211
Store,6817,Corsicana,TX,75109
Store,6818,San Antonio,TX,78251
Store,6819,Magnolia,TX,77354
Store,6820,Brownwood,TX,76801
Store,6827,Lubbock,TX,79413
Store,6828,Houston,TX,77068
Store,6830,Waco,TX,76705
Store,6831,Amarillo,TX,79109
Store,6832,Del Rio,TX,78840
Store,6833,Plano,TX,75023
Store,6838,Houston,TX,77065
Store,6839,Austin,TX,78759
Store,6840,Denton,TX,76208
Store,6847,San Antonio,TX,78245
Store,6859,Houston,TX,77085
Store,6860,Sugar Land,TX,77498
Store,6863,Temple,TX,76504
Store,6892,Austin,TX,78723
Store,6984,Brownsville,TX,78520
Store,6985,Houston,TX,77024
Store,6988,San Antonio,TX,78223
Store,6989,Bulverde,TX,78163
Store,8418,Austin,TX,78726
Store,8419,Orange,TX,77630
Store,8437,Seguin,TX,78155
Store,8438,Burleson,TX,76028
Store,8439,Hutto,TX,78634
Store,8454,Kyle,TX,78640
Store,8517,Grand Prairie,TX,75052
Store,8518,Brenham,TX,77833
Store,8519,Mission,TX,78572
Store,8520,New Braunfels,TX,78130
Store,8521,White Settlement,TX,76108
Store,8523,El Paso,TX,79938
Store,8540,Mount Pleasant,TX,75455
Store,8951,Rowlett,TX,75088
Store,8976,Lancaster,TX,75146
Store,8995,Dripping Springs,TX,78620
Store,4401,Riverdale,UT,84405
Store,4402,Salt Lake City,UT,84121
Store,4403,Salt Lake City,UT,84115
Store,4406,West Valley City,UT,84120
Store,4407,Lindon,UT,84042
Store,4408,Centerville,UT,84014
Store,4409,Sandy,UT,84070
Store,4410,West Jordan,UT,84088
Store,4411,Ogden,UT,84404
Store,4412,Washington,UT,84780
Store,4413,Salt Lake City,UT,84106
Store,4414,Logan,UT,84341
Store,4415,Park City,UT,84098
Store,4416,Provo,UT,84601
Store,4417,American Fork,UT,84003
Store,4418,Cedar City,UT,84720
Store,4419,Tooele,UT,84074
Store,4420,Saint George,UT,84770
Store,4421,Sandy,UT,84092
Store,4422,Richfield,UT,84701
Store,4461,Saratoga Springs,UT,84045
Store,4462,West Jordan,UT,84081
Store,8566,Riverton,UT,84065
Store,8583,Layton,UT,84041
Store,0711,Charlottesville,VA,22901
Store,4213,Haymarket,VA,20169
Store,4601,Fairfax,VA,22030
Store,4602,Sterling,VA,20165
Store,4603,Alexandria,VA,22304
Store,4604,Woodbridge,VA,22192
Store,4605,Fairfax,VA,22031
Store,4607,Manassas,VA,20109
Store,4608,Falls Church,VA,22044
Store,4609,Roanoke,VA,24017
Store,4611,Glen Allen,VA,23060
Store,4612,Hampton,VA,23666
Store,4613,Newport News,VA,23602
Store,4614,Virginia Beach,VA,23452
Store,4615,Norfolk,VA,23502
Store,4616,Chester,VA,23831
Store,4617,Springfield,VA,22150
Store,4618,Winchester,VA,22601
Store,4619,Chesapeake,VA,23320
Store,4620,Fredericksburg,VA,22401
Store,4621,Leesburg,VA,20176
Store,4622,Chesapeake,VA,23321
Store,4624,Mechanicsville,VA,23111
Store,4626,Virginia Beach,VA,23456
Store,4627,Midlothian,VA,23112
Store,4628,Roanoke,VA,24014
Store,4631,Richmond,VA,23235
Store,4632,Richmond,VA,23230
Store,4633,Colonial Heights,VA,23834
Store,4634,Christiansburg,VA,24073
Store,4635,Williamsburg,VA,23188
Store,4637,Stafford,VA,22556
Store,4638,Alexandria,VA,22306
Store,4639,Fairfax,VA,22030
Store,4640,Alexandria,VA,22312
Store,4641,Reston,VA,20194
Store,4643,Virginia Beach,VA,23456
Store,4645,Harrisonburg,VA,22801
Store,4647,Ashburn,VA,20147
Store,4648,Manassas,VA,20110
Store,4650,Gloucester,VA,23061
Store,4653,Ashland,VA,23005
Store,4654,Waynesboro,VA,22980
Store,4655,Lynchburg,VA,24502
Store,4656,Chesapeake,VA,23322
Store,4658,Bristol,VA,24202
Store,4659,South Hill,VA,23970
Store,4660,Fredericksburg,VA,22407
Store,8493,Danville,VA,24540
Store,8551,Chantilly,VA,20152
Store,8552,Warrenton,VA,20186
Store,4501,Williston,VT,05495
Store,4502,Rutland,VT,05701
Store,4551,Bennington,VT,05201
Store,4054,Renton,WA,98057
Store,4233,Lynnwood,WA,98037
Store,4701,Tacoma,WA,98409
Store,4702,Seattle,WA,98134
Store,4703,Federal Way,WA,98003
Store,4704,Issaquah,WA,98029
Store,4705,Tukwila,WA,98188
Store,4706,Seattle,WA,98133
Store,4707,Shoreline,WA,98133
Store,4708,Olympia,WA,98501
Store,4709,Puyallup,WA,98374
Store,4711,Bellevue,WA,98005
Store,4712,Bothell,WA,98011
Store,4713,Everett,WA,98204
Store,4714,Spokane Valley,WA,99212
Store,4715,Bellingham,WA,98226
Store,4716,Silverdale,WA,98383
Store,4718,Vancouver,WA,98665
Store,4719,Spokane,WA,99218
Store,4720,Tacoma,WA,98409
Store,4722,Kent,WA,98030
Store,4723,Redmond,WA,98052
Store,4724,Tumwater,WA,98512
Store,4725,Longview,WA,98632
Store,4726,Marysville,WA,98271
Store,4727,Yakima,WA,98903
Store,4728,Gig Harbor,WA,98332
Store,4732,Wenatchee,WA,98801
Store,4734,Spokane,WA,99223
Store,4735,College Place,WA,99324
Store,4737,Covington,WA,98042
Store,4738,Vancouver,WA,98683
Store,4739,Kennewick,WA,99337
Store,4740,Chehalis,WA,98532
Store,4741,Poulsbo,WA,98370
Store,4742,Lacey,WA,98516
Store,4743,Liberty Lake,WA,99019
Store,4745,Snohomish,WA,98290
Store,4746,Richland,WA,99352
Store,4747,Tacoma,WA,98445
Store,4748,Omak,WA,98841
Store,8561,Burlington,WA,98233
Store,8562,Bonney Lake,WA,98391
Store,8563,Oak Harbor,WA,98277
Store,8944,Seattle,WA,98106
Store,8964,Aberdeen,WA,98520
Store,8966,Moses Lake,WA,98837
Store,8998,Sequim,WA,98382
Store,4902,West Allis,WI,53227
Store,4903,Grand Chute,WI,54914
Store,4905,Onalaska,WI,54650
Store,4906,Madison,WI,53704
Store,4907,Franklin,WI,53132
Store,4909,Madison,WI,53711
Store,4910,Delafield,WI,53018
Store,4911,Janesville,WI,53546
Store,4912,Milwaukee,WI,53212
Store,4915,Green Bay,WI,54311
Store,4916,Lake Geneva,WI,53147
Store,4918,Waukesha,WI,53186
Store,4919,Grafton,WI,53024
Store,4920,Green Bay,WI,54303
Store,4921,Mukwonago,WI,53149
Store,4923,Wauwatosa,WI,53222
Store,4924,Kohler,WI,53044
Store,4925,West Bend,WI,53095
Store,4926,Racine,WI,53406
Store,4928,Appleton,WI,54915
Store,4929,Lake Delton,WI,53940
Store,4930,Rhinelander,WI,54501
Store,4931,Wausau,WI,54401
Store,4935,Hudson,WI,54016
Store,4940,Menomonee Falls,WI,53051
Store,4941,Milwaukee,WI,53207
Store,4942,Wisconsin Rapids,WI,54494
Store,4801,Barboursville,WV,25504
Store,4802,Charleston,WV,25309
Store,4803,Vienna,WV,26105
Store,4805,Ranson,WV,25438
Store,8429,Hurricane,WV,25526
Store,8433,Bridgeport,WV,26330
Store,6001,Casper,WY,82609
Store,6002,Cheyenne,WY,82001
Store,6003,Rock Springs,WY,82901
Store,6004,Sheridan,WY,82801
Store,6005,Gillette,WY,82718
Store,8201,Saint Thomas,VI,00802
Store,8622,Kingshill,VI,00850
